label	receiver_class	dsr_size	dsr_sha256	ptde_hemenv_size	ptde_hemenv_sha256	ptde_hemenvlerp_size	ptde_hemenvlerp_sha256	source_zip_sha256
FRPG_Phn_DifSpcBmpMulLitCsd_HemEnvPntSS.fpo	fixed_spc_pntss	24564	021cbb62d1cca4bad3789c50c3aa551b893904910dbf6596aedb369814d9001f	6512	1da7f99af8f25422d32a2f310804cfb53f03d08cb1897a75a630f686e4836610	6872	76933abd5b419b39715dd3f7b0c92a7b9e04a3f6b8aad9377a9d17113aae87e8	57314b36812dfa2867512052278a08dc0da8a41ea0414c1fbbe4ccdf45838076
FRPG_Phn_DifSpcBmpMulLitCsd_HemEnvPntSSSS.fpo	fixed_spc_pntssss	28180	6869c41a14152fc12a1f798148b9e10343387e874cb0454078cc36595260b945	7152	721aed1162304d2538093a394904e4ecf341c04293f15a132942c3a0de29b535	7512	ba9e68c1452e82397eafeb0198365591e420043278df8c4f5f98cec1dce446f8	57314b36812dfa2867512052278a08dc0da8a41ea0414c1fbbe4ccdf45838076
FRPG_Phn_DifSpcBmpMulLitSdw_HemEnvPntSS.fpo	fixed_spc_pntss	23500	69e967fc100953b7553e2e1545fb6c3b68f64c37398c4e5a3e993f1d545575f5	5696	fe2b84d713cff481c8e68b4d2b0167d93c43a33860115158d90afcd3dd1516e9	6056	c012b596ddb5fab4b99caa2a052050d816f75e780424060f29a69edde9754d5f	57314b36812dfa2867512052278a08dc0da8a41ea0414c1fbbe4ccdf45838076
FRPG_Phn_DifSpcBmpMulLitSdw_HemEnvPntSSSS.fpo	fixed_spc_pntssss	27116	8801c10b21efe67ccc98cddf4120479e1def049c522f23668c4f25fa7f3b23bf	6336	592ac6aac47d660f7e0bf57b7bc3719d38c2247ecbfb341e6e80db3c3a586062	6696	0cd3ab46370d02c20e23913d9f963794a3406fc6a396c3f8c19faf7d5d757e4f	57314b36812dfa2867512052278a08dc0da8a41ea0414c1fbbe4ccdf45838076
FRPG_Phn_DifSpcBmpMulLit____HemEnvPntSS.fpo	fixed_spc_pntss	20432	b500588aafb2d9d6a716a9fbf350a51ca3c7d9382cb494ea4e8aa24b6028ed23	4200	1ba13e22f610bc16ee36efb352d8646444c7078c1ba6ed6d4758b2ad7f96f24d	4560	4666fae23237f8e2dd213f8312cbb9877bac1b57517f7df0909f0a30059211d7	57314b36812dfa2867512052278a08dc0da8a41ea0414c1fbbe4ccdf45838076
FRPG_Phn_DifSpcBmpMulLit____HemEnvPntSSSS.fpo	fixed_spc_pntssss	23992	34e0e705f3867f9c76287562dd17b3ef8bd06dfb92487de95eb6f25c477b6c05	4840	a6faa99a2e425249d1d1266fb1d92e85669da631837fa43b96c681279184e7d6	5200	4e9419aa6fe29f575a0da72d2a86b51cbb2dc6a7ea51a748d23916a811c77b68	57314b36812dfa2867512052278a08dc0da8a41ea0414c1fbbe4ccdf45838076
FRPG_Phn_DifSpcBmpMul___Csd_HemEnvPntSS.fpo	fixed_spc_pntss	24108	6e1bd03d7b5401c1a327b91f465d8f60e67bcc06a481555f6495e82cfea8a0ad	6412	6863065a5bf7b5441632ea6ddf768cc27c3334a1ab2b45e68307b00749e5fcba	6772	6a0de83eb6456c6ffe67eeabfc0f099c62af8a58ee87f55a41d40eb37d19855a	57314b36812dfa2867512052278a08dc0da8a41ea0414c1fbbe4ccdf45838076
FRPG_Phn_DifSpcBmpMul___Csd_HemEnvPntSSSS.fpo	fixed_spc_pntssss	27724	b030eb1dc8e2ced0245e6faf3bdc2db56bd67948de34725b1ac2cf3923751287	7052	fb21045c4bfd1015b58ad47b98e472f0a10abe9a4b8ace90d04c5008a4698475	7412	ec48120475be952aa330d5de85874aa2137f5088633da6754a4884f00c1c3d71	57314b36812dfa2867512052278a08dc0da8a41ea0414c1fbbe4ccdf45838076
FRPG_Phn_DifSpcBmpMul___Sdw_HemEnvPntSS.fpo	fixed_spc_pntss	23044	d60aff91d9eb71199e3f5fb752536363c1735748569ac64a45a4b9b7c51cea6f	5596	a4a114cbdb2e5b5ace2d921d25235e42a3fe347184bc15674df4f8f3a0d9aea5	5956	a409576a23a6130402ba778ed992a4ddf02553b9a4c376275ef86c863b4a4406	57314b36812dfa2867512052278a08dc0da8a41ea0414c1fbbe4ccdf45838076
FRPG_Phn_DifSpcBmpMul___Sdw_HemEnvPntSSSS.fpo	fixed_spc_pntssss	26660	80bedd4c8d4b476759065f7c493d7c74f27bf298615a258c4b4f7185dbe988c4	6236	1a87305141f2c3d8028262153e7da337ca249bad433db287f8c681353a398c4f	6596	86379368a29a32a4dfb6090ca6b6bccbddc6511e4299853256046e994ca25f29	57314b36812dfa2867512052278a08dc0da8a41ea0414c1fbbe4ccdf45838076
FRPG_Phn_DifSpcBmpMul_______HemEnvPntSS.fpo	fixed_spc_pntss	19984	ea32ec66006f9f534fd7a802438e4357267acfa17ddbdba0358d36f6b19247f9	4084	10f7b4d2759590de7f9327ae37eecf2516c8a12c7854c7c35afd7434147f43b5	4456	3fa20f975fedc0ad99814e6da036f35788c8b2cad95504be5b7178d320697bba	57314b36812dfa2867512052278a08dc0da8a41ea0414c1fbbe4ccdf45838076
FRPG_Phn_DifSpcBmpMul_______HemEnvPntSSSS.fpo	fixed_spc_pntssss	23544	b827fa1c558795fc703f0498414c96f333d1405e3940ad48766ec8f5a9690058	4724	3d76753aee10dbd5cfcc8a160c3fde34b6056446b3388236cfbb114d45b64489	5096	2217aac3fc1bdf8bfa454fbab67e9712e456dc0f370a12635e0cf936fdff71de	57314b36812dfa2867512052278a08dc0da8a41ea0414c1fbbe4ccdf45838076
FRPG_Phn_DifSpcBmp___LitCsd_HemEnvPntSS.fpo	fixed_spc_pntss	23836	1d918a70c27e37d2525f4788c32f2cc42d21545e6644078b45015ad1e5a64ecd	5924	fb3151a5c32cb5ccd2c40f9f63e87910fb84d78555b71825102635678e76f9f6	6284	6059dad6511f70e1245d86038e089c76e131aaa7ecb8c004e4ce6c9b723d2d52	57314b36812dfa2867512052278a08dc0da8a41ea0414c1fbbe4ccdf45838076
FRPG_Phn_DifSpcBmp___LitCsd_HemEnvPntSSSS.fpo	fixed_spc_pntssss	27396	3cbc73731a1e848ccd97d6e490aa43ee7b8afc535cc104fe47d3e8751f93b631	6564	3fbbcc67ff7734c5da62569acb554742655bd2b4258fcabd1fec3b87f20969a3	6924	fcf47a385e9d1ca70d190864190202526966dfdc1a0ab7879aef585426382780	57314b36812dfa2867512052278a08dc0da8a41ea0414c1fbbe4ccdf45838076
FRPG_Phn_DifSpcBmp___LitSdw_HemEnvPntSS.fpo	fixed_spc_pntss	22808	bcb79497cba4628972100b8157ea19b6e880dcb648ff2dda42ba136e123bcd11	5108	ed4416d063fe93db400e2baadefd073d7173bbadc57267777db040a3960643cb	5468	1e5763af055508e695d5785c87bfa6788b90846b5e68f15622440f5af50ccf7e	57314b36812dfa2867512052278a08dc0da8a41ea0414c1fbbe4ccdf45838076
FRPG_Phn_DifSpcBmp___LitSdw_HemEnvPntSSSS.fpo	fixed_spc_pntssss	26424	213cd2de59f19a673c9e79bb00f727e43e5dcefc1e4cf91a08e678d1bd7e611c	5748	df91d3bc1d1b6072f3bddd9b0bda8e64fd6744f92657904195e687ea45f4c758	6108	144e71891b6572604779ac0008f638e0806f43ad407f0ce31b0de1b5b6b91e8b	57314b36812dfa2867512052278a08dc0da8a41ea0414c1fbbe4ccdf45838076
FRPG_Phn_DifSpcBmp___Lit____HemEnvPntSS.fpo	fixed_spc_pntss	19772	88811ea846d68a6613857b8cbd5607224a860252a4b6a03f512240da163d06a9	3612	a240f6644c3a0056a688bfcd1b9731177162012f27008c4b80d755189146c25b	3972	adc174e83fc5c21cbfbdd2388ece7b79cdf94fabf2a111220c00d0d51b0a008e	57314b36812dfa2867512052278a08dc0da8a41ea0414c1fbbe4ccdf45838076
FRPG_Phn_DifSpcBmp___Lit____HemEnvPntSSSS.fpo	fixed_spc_pntssss	23296	8f30f6f7a3347eaca8ba481c6836488b4bdd66cf2e3e8c394009c0e80dff28ed	4252	83f8a3642b885323a2279c7206b367dc77bd90fdd1374cbe47eccdd2ffe7f4b0	4612	a722b48b4134bc7630f07942585e91edafd89cfe724f0c5e8d1b9bdb8ba67603	57314b36812dfa2867512052278a08dc0da8a41ea0414c1fbbe4ccdf45838076
FRPG_Phn_DifSpcBmp______Csd_HemEnvPntSS.fpo	fixed_spc_pntss	23448	ab790c5f88315c2b8471d78305273901822bd79763c2848c1bd21b94f248c9d1	5836	5905b701a7494f95e8f96036f234123ddbde6a6ade7a35a200d28a453d5a9d2e	6196	80104340ebb6f2a8d1a4c46f291561a498f98c75200f97323b47da87709925b4	57314b36812dfa2867512052278a08dc0da8a41ea0414c1fbbe4ccdf45838076
FRPG_Phn_DifSpcBmp______Csd_HemEnvPntSSSS.fpo	fixed_spc_pntssss	27064	2aba725e0572f19481d13a21b9b36047e25291b1231197458b5a0869eee6660f	6476	f9d397d4b1c56d0f970fc6778c138d8fd99b677226512ee29d28ebf6f30997e5	6836	9082ef3c342e6fc80253dabe88d0522ee952b2f19c947b9b4ff33c2b4ca094e9	57314b36812dfa2867512052278a08dc0da8a41ea0414c1fbbe4ccdf45838076
FRPG_Phn_DifSpcBmp______Sdw_HemEnvPntSS.fpo	fixed_spc_pntss	22384	d0364fb742de8db8b4162369bb632601165c42365b5578f31a00e7dfb995c88c	5020	7bb511140bd1c2e59c02e9c9d1510e15d6d02b7f74298cc716ff39d9499a7917	5380	5aaad475e81cfff3ab2b658c8b7e6d93e449f49f45d33cbd2c0ed0c57f9c4879	57314b36812dfa2867512052278a08dc0da8a41ea0414c1fbbe4ccdf45838076
FRPG_Phn_DifSpcBmp______Sdw_HemEnvPntSSSS.fpo	fixed_spc_pntssss	26000	161a12eab0f620664d32f42bafa6b04a058955bc53821cf4cd9332b25e497a4b	5660	38695a346b95b13ede52b3037f5e6654fa644b35099a37ab0982d73d30116864	6020	dfa51ad59645fd96c0afcc9ad8684b7a35faeeb15e2a1c52966d49080cb3eaa8	57314b36812dfa2867512052278a08dc0da8a41ea0414c1fbbe4ccdf45838076
FRPG_Phn_DifSpcBmp__________HemEnvPntSS.fpo	fixed_spc_pntss	19324	4c730143360b484dabc477460dddeae0bdef7bb7bcee500cd1b5fbf492cf5525	3508	07881d89fefe89dbd4b58dc8db8b46c7ab45c5bac18e1c5ad82cae0e3ae94c2a	3880	0491009c593548682a2455e198cbdaa15fe271ed1423b2bb2ee020b80e65fd48	57314b36812dfa2867512052278a08dc0da8a41ea0414c1fbbe4ccdf45838076
FRPG_Phn_DifSpcBmp__________HemEnvPntSSSS.fpo	fixed_spc_pntssss	22976	04a3dd377b415673f6fbac8d345c90bf1aa0ef8daba7d3d620463167cac1cb38	4148	f1c7626a2a0862021bb4a331e99ca740e0c5fb38eaa69c583ae00e33255a3e25	4520	4138766da5150ad0ebf8559b724f6f668a962f6db2e11512e32f4b705fd3b75c	57314b36812dfa2867512052278a08dc0da8a41ea0414c1fbbe4ccdf45838076
FRPG_Phn_DifSpc___MulLitCsd_HemEnvPntSS.fpo	fixed_spc_pntss	22764	add19a6d411589298f7efb3cc1a186dd50338b7b7d0653af8a2a9f63f96ce992	5684	02e69e084b4c51ec9a88f25dcdacb57dbed108c4f34b1bb15947f0ed2c5902a8	6044	9aca5d5dfb5333a703f3fd6de934c69de6ed19bce086b0169eef99b4a272e894	57314b36812dfa2867512052278a08dc0da8a41ea0414c1fbbe4ccdf45838076
FRPG_Phn_DifSpc___MulLitCsd_HemEnvPntSSSS.fpo	fixed_spc_pntssss	26380	e007197d658de20b35364d58ac262957c954866207871676fea855bf489c8f6b	6324	5b8b07b9d06758383c678bc37ca862d6993034e58bbfd8271fc820dfd93d621a	6684	5aef858c032abd0885d3edd285def610471be3746584e757cfdb19928115082e	57314b36812dfa2867512052278a08dc0da8a41ea0414c1fbbe4ccdf45838076
FRPG_Phn_DifSpc___MulLitSdw_HemEnvPntSS.fpo	fixed_spc_pntss	21700	d0e59d318fb2f0fe02e154ea3d30dcd73c3fa31cbeff2fbd31fe681d088d6a86	4868	91b1511594e318bd07f2e70d61b0d64b9afe741f44d43fe6d6e24f2c671fe81b	5228	d884832c9593ab830692444280c0416a608c01f7481858b55c8a138df3ec9d30	57314b36812dfa2867512052278a08dc0da8a41ea0414c1fbbe4ccdf45838076
FRPG_Phn_DifSpc___MulLitSdw_HemEnvPntSSSS.fpo	fixed_spc_pntssss	25316	1767a2154b0d3a0ce4a583d884b33fb145afaa59a53edaee483a2c19de385b4b	5508	c15d5c8c24bc79b48cdfd90906912721a6ccefb4b9287b63b8b3efa97ad3aec4	5868	a05759ba754ef816f361c9e7f44ff37fdb014f10dfa37f786cbcb35091693c0e	57314b36812dfa2867512052278a08dc0da8a41ea0414c1fbbe4ccdf45838076
FRPG_Phn_DifSpc___MulLit____HemEnvPntSS.fpo	fixed_spc_pntss	18668	e6c7deaf7103c0b853966994356c258eb26293f5bdb353ec7922a8aeb40e2947	3372	f7ae787bb140f94615a118d2422c11216d1779a6f2e0824fb43cb449740c2aab	3732	a6a8d32b9d8fd657c2f4a063dba0af76c4c7bd8faebe79542bc69503baea4939	57314b36812dfa2867512052278a08dc0da8a41ea0414c1fbbe4ccdf45838076
FRPG_Phn_DifSpc___MulLit____HemEnvPntSSSS.fpo	fixed_spc_pntssss	22284	fb7d3c8f7bb97738155552083a466a0af33659549d823514f9ea11f3d936051c	4012	f69f201cf4db6aa9f70a79da3eba8f99ff80b2284cb36c2c7df42db23304d136	4372	bab71e5b30ced4843416b11487aa989c4d57f939d26c051a7b95aed74684702c	57314b36812dfa2867512052278a08dc0da8a41ea0414c1fbbe4ccdf45838076
FRPG_Phn_DifSpc___Mul___Csd_HemEnvPntSS.fpo	fixed_spc_pntss	22308	0edb75fc1a808458aabd61349fe17ac81e3f8b3ead9c60a7e583f3ea1a2e5210	5584	9cc632c0c5fd7750df27685af4bcf54b419b695e58eb986990ab9c89999fc114	5944	78a7044d3a406fbc9c8ef52eca5b682eecd97cfce6529512832e2504ad26abeb	57314b36812dfa2867512052278a08dc0da8a41ea0414c1fbbe4ccdf45838076
FRPG_Phn_DifSpc___Mul___Csd_HemEnvPntSSSS.fpo	fixed_spc_pntssss	25924	3c18ba9b75bd41d09f49e5a9d401410d8857eb3613b7e11c9d4fedc75a69f693	6224	4495d104850cc6b9d2c30e407fb72fd2c63f9f2b3fbca3807a2355f363f4d038	6584	a4f450efe597c6dd71fa33dfc9ac942f7ad49afa2f3e3994f36a51526afcd96b	57314b36812dfa2867512052278a08dc0da8a41ea0414c1fbbe4ccdf45838076
FRPG_Phn_DifSpc___Mul___Sdw_HemEnvPntSS.fpo	fixed_spc_pntss	21244	64a1a77dbd8b33e574b1e39db94fce9c92f726f4a86c882d04469b59061e64c4	4768	5139fbe582fbca918119ec126c6250f39202e60958b53e0c74e4efa0ee106ca9	5128	36f4d6417616d2b82874e68a4b0250b00dc52e1d69d66ccaa42e2b134e0dee42	57314b36812dfa2867512052278a08dc0da8a41ea0414c1fbbe4ccdf45838076
FRPG_Phn_DifSpc___Mul___Sdw_HemEnvPntSSSS.fpo	fixed_spc_pntssss	24860	f7e979dff28656cb38b8523d8caff3ffee8db0859d632498bc8cf3dc358d383a	5408	5e01aa6f5a66c646bb38ff1b27ebab9c4e680aaa14a37aebebc87fdbc027ed57	5768	15ee2b500ace39c45f710e651e2ddf01bfffdd4d12ad711a3a947962d2dae27e	57314b36812dfa2867512052278a08dc0da8a41ea0414c1fbbe4ccdf45838076
FRPG_Phn_DifSpc___Mul_______HemEnvPntSS.fpo	fixed_spc_pntss	18216	096c4cd1cf0b391f48c173f93a86902e3934a759f6bce9290aeb34271779d80b	3256	dd64c60405fb53abcdfba23483323a60f54545c8135364cc64c4d1feecfef5e7	3628	dd5e44121aeb3ff706286e7870899632265bd64f4a4b7fe99a8c5e6aad78f9ad	57314b36812dfa2867512052278a08dc0da8a41ea0414c1fbbe4ccdf45838076
FRPG_Phn_DifSpc___Mul_______HemEnvPntSSSS.fpo	fixed_spc_pntssss	21740	fe0a7b42cb37724b9330bb4504342a4d1cbef6c67e5885bcbc98a39deaff4637	3896	ca20c77b51c6c28ece5e66db7a751940d4ee2de2fecf4de9c08d49308895a693	4268	a86ad2bc9e760652812c70dc65f912a4efb9276e2e479c84515e800dd97ff3db	57314b36812dfa2867512052278a08dc0da8a41ea0414c1fbbe4ccdf45838076
FRPG_Phn_DifSpc______LitCsd_HemEnvPntSS.fpo	fixed_spc_pntss	22792	85de4a02d096c937240198d7a5f3449ae90c02d4cd8f399f57d06450cc82e3ff	5460	b6a0270bcf187c0cdaf24640318c08bb5a35ed0e4c5e34fb542293b068fb16d6	5820	f43b2d66359132fa8e3482a6b47c5f29b8317c8033e10814998f1aa3b30ad415	57314b36812dfa2867512052278a08dc0da8a41ea0414c1fbbe4ccdf45838076
FRPG_Phn_DifSpc______LitCsd_HemEnvPntSSSS.fpo	fixed_spc_pntssss	26352	cdfd0adfbd11b8942369dcc91cd44b3863ed6c6dd6a6be1303e9a734874ece32	6100	b1a2979184208a23a458a25498a0b5aa39afc456d06089c3ffa3bef0908b904c	6460	9978cc7f27ae7bba5f8e143b83e242b6c98636ef5930395843a82d4f08cedd06	57314b36812dfa2867512052278a08dc0da8a41ea0414c1fbbe4ccdf45838076
FRPG_Phn_DifSpc______LitSdw_HemEnvPntSS.fpo	fixed_spc_pntss	21764	55662083e8b19bb1c7b9ff21ea2e104312ed8fdc217dc39cf225ae485c476adf	4644	a8f92423a3ef078341581f1664ff9960e8c8319740e80b1c0feb854e16d3df0a	5004	bd6c4e91e3a0acd329479ae167381bd75aacc02433cd14216255eb3f94f6566f	57314b36812dfa2867512052278a08dc0da8a41ea0414c1fbbe4ccdf45838076
FRPG_Phn_DifSpc______LitSdw_HemEnvPntSSSS.fpo	fixed_spc_pntssss	25380	6efa48367fbd7c0448b516849531aa6cc303f351d20ceab943c436377ee05e8b	5284	83e3ad27202c887f8c00d92aae74fff0856fbe52954c005cc6b5695da860a88a	5644	0a389f1f069e3fc17c9cec5d7a366d45af63a97c00cf6cf73917412a14120338	57314b36812dfa2867512052278a08dc0da8a41ea0414c1fbbe4ccdf45838076
FRPG_Phn_DifSpc______Lit____HemEnvPntSS.fpo	fixed_spc_pntss	18696	c3d1a832a5e27fbfba72b0bea74ce4f1ca965d52c288565defeceab348eacce4	3148	5b83eaee3d5568b5c683d6de19e7b7b664f58ad05dfcf446ce3127e9eadf8268	3508	cda6f192030e9d03a7c73d6fbaaa4fc29fd2b3745d6408534ac23702f72fc35a	57314b36812dfa2867512052278a08dc0da8a41ea0414c1fbbe4ccdf45838076
FRPG_Phn_DifSpc______Lit____HemEnvPntSSSS.fpo	fixed_spc_pntssss	22256	241ff1de20b33a829ad9974c4c8a0216c1e4ec1b8b504668b52cc0719da66405	3788	e05114da2709542a55952ebe9370147f1415213e608c6c0460b20eddbadbf222	4148	5e74912606f4d075a2e9e419da522923b9f138da64f1cbb3ce36483cb2259e47	57314b36812dfa2867512052278a08dc0da8a41ea0414c1fbbe4ccdf45838076
FRPG_Phn_DifSpc_________Csd_HemEnvPntSS.fpo	fixed_spc_pntss	22408	d9e49ed4a2004d3798e49625b0d9f28a2bafe2d8cee13c7ea443026393f44550	5372	7c4f05e11d216c8ef24896b6500fc2607ff2b62449294c32d7b61fcf4f5b6938	5732	bd83e5d8be1b1785a5bc96700b67832e9f354f8ac47955c53512331451c8954d	57314b36812dfa2867512052278a08dc0da8a41ea0414c1fbbe4ccdf45838076
FRPG_Phn_DifSpc_________Csd_HemEnvPntSSSS.fpo	fixed_spc_pntssss	26024	1b754203020366308058accd1823d15aed3ccaf105e6153631a9543ec401475d	6012	4c81c0062f7720928edec75cc64f38ee2e1bb0696ca4ceb7d29ccfedc1197da5	6372	64b25c83308dd2835e68b083254dd45c567fbed56d925f1485ec770638904524	57314b36812dfa2867512052278a08dc0da8a41ea0414c1fbbe4ccdf45838076
FRPG_Phn_DifSpc_________Sdw_HemEnvPntSS.fpo	fixed_spc_pntss	21344	3275e689d64fa2ab1fc6d37bf031d852f8f109df8205f31e54282351d95eae6c	4556	5659ce48742ee282b478bd274b3cb16128635abd7686d1cc50fbbc88f564e025	4916	a5753b43aa41b04ad4701dc31d3f8142fc61c2b74329cbf9040b1b93ff6316df	57314b36812dfa2867512052278a08dc0da8a41ea0414c1fbbe4ccdf45838076
FRPG_Phn_DifSpc_________Sdw_HemEnvPntSSSS.fpo	fixed_spc_pntssss	24960	928d33c1da10debd9debc9f9b51dd5d1609a2e96e51601392c52125173cfd9f8	5196	eb081f3cee17250340d67d0852111230b9babea570ca938e0b953ac6325db946	5556	cbeceef057fa24a6d0743b3fe548d01b492c62f079da5354952f07e2a8e8e237	57314b36812dfa2867512052278a08dc0da8a41ea0414c1fbbe4ccdf45838076
FRPG_Phn_DifSpc_____________HemEnvPntSS.fpo	fixed_spc_pntss	18284	fb11c93bf241354d0a426e7bf8befa5c33ab989a4a0bd3557b5eb70a03e87f9f	3044	e4d1e0fc9cc534fd9e43d850a56f7aa63d51d5425b5b1a7ffb2862abe8f70ea9	3416	120fc01a2585e7a5c4667bac5fca81db7ed81f7dd9e81c6dd8605dc6cd715df8	57314b36812dfa2867512052278a08dc0da8a41ea0414c1fbbe4ccdf45838076
FRPG_Phn_DifSpc_____________HemEnvPntSSSS.fpo	fixed_spc_pntssss	21936	0a2a5f485e8eb6d9928d58a96f88327c5e3e42f04cc4d02c7ebb9a18288385ca	3684	9bea5d15d986c89d15bee69c7b4356d47958f81fd5c4afd19f36d6f73054ed26	4056	0c6d352bbc726d777305641f5f34cdc6055167a07fa93240a92414941b12c405	57314b36812dfa2867512052278a08dc0da8a41ea0414c1fbbe4ccdf45838076