family	index	receiver_id	label	stock_size	stock_sha256	c100_site0	c100_site1	diffuse_pow_site
HEMENV	0	24	FRPG_Phn_DifSpcBmpMulLitCsd_HemEnv.fpo	21744	4e1621be5caa251782e7dab08b2aeddc033dcab6352edd4ed022cdeda8328083	1527	1617	1631
HEMENV	1	25	FRPG_Phn_DifSpcBmpMulLitSdw_HemEnv.fpo	21444	a6d599351b3e14acf65aa26ca81e358fd691b13b684021399fa59bd174397b7d	1436	1526	1540
HEMENV	2	26	FRPG_Phn_DifSpcBmpMulLit____HemEnv.fpo	19960	3c733a0f7b3ad4e9b7af042cfb27380a79b595123b6a3fe43b81ccfc9e0f6d0a	1092	1182	1196
HEMENV	3	27	FRPG_Phn_DifSpcBmpMul___Csd_HemEnv.fpo	21240	26a804f746b95199070951b8f17e9e4fa170de9c284727d33b9687a74121a397	1465	1555	1569
HEMENV	4	28	FRPG_Phn_DifSpcBmpMul___Sdw_HemEnv.fpo	20940	792d99628b2a84f88ef94b04361022eb277851c093d2b83fc2ba8c738fc32cf4	1374	1464	1478
HEMENV	5	29	FRPG_Phn_DifSpcBmpMul_______HemEnv.fpo	19444	6b2b0708dc6fdc6954b9ccd7ba3c26d4522e0ad0808de59a6a226e9682c36865	1034	1124	1138
HEMENV	6	30	FRPG_Phn_DifSpcBmp___LitCsd_HemEnv.fpo	20324	45f6a12363da9146626f97bfbb9f87d7ff37375cc70e7e07df4e34aaefe8bd20	1254	1344	1358
HEMENV	7	31	FRPG_Phn_DifSpcBmp___LitSdw_HemEnv.fpo	20024	9d677cebd791c86c105ee6b9a24edef5699cc7fb3c96f2b6362a4216d296b402	1163	1253	1267
HEMENV	8	32	FRPG_Phn_DifSpcBmp___Lit____HemEnv.fpo	18540	b16982cc2f94c0f20e84cb0d81b79bd75ce474327c74c5db9515b0955719dfff	819	909	923
HEMENV	9	33	FRPG_Phn_DifSpcBmp______Csd_HemEnv.fpo	19856	35880c0b2f2330208dfc21af6dd3d944218fcc4540cd8e59404a0aefc13c0b24	1195	1285	1299
HEMENV	10	34	FRPG_Phn_DifSpcBmp______Sdw_HemEnv.fpo	19556	d6038de494509e7cbcbfb904c4046e9427f3b921f6a35735a0b0d316f9976837	1104	1194	1208
HEMENV	11	35	FRPG_Phn_DifSpcBmp__________HemEnv.fpo	18060	7d03c75b69f5730eb741a4d327189d0bbed8a8450fb0ac04e1505f7b91763701	764	854	868
HEMENV	12	36	FRPG_Phn_DifSpc___MulLitCsd_HemEnv.fpo	19704	366b6f19034b995db64413a07b8556cf36f1ab9654e17950e66e5bed3ae2e412	1083	1173	1187
HEMENV	13	37	FRPG_Phn_DifSpc___MulLitSdw_HemEnv.fpo	19404	1af91fe9c65cdbe6de2a9465690c441dffc3d49f207b26a49043b7d88a7e73d9	992	1082	1096
HEMENV	14	38	FRPG_Phn_DifSpc___MulLit____HemEnv.fpo	17916	10aac239a29f68a0c146bd3c34bcde9cda2bdab2af4ffccfb5401f7948cab8b2	648	738	752
HEMENV	15	39	FRPG_Phn_DifSpc___Mul___Csd_HemEnv.fpo	19196	d0f5a05bde4bbbfe37f63dfa87cbb6a72647613520648705d74600b2278a4c1d	1021	1111	1125
HEMENV	16	40	FRPG_Phn_DifSpc___Mul___Sdw_HemEnv.fpo	18896	a2b0634d39addc1b3d7557a4a1f3237512c6d490f2ea4cf7ae44fa68688140b7	930	1020	1034
HEMENV	17	41	FRPG_Phn_DifSpc___Mul_______HemEnv.fpo	17400	46c09d580e56f5281cff062678cc5156a665b253864a5d04ad53246671296de0	590	680	694
HEMENV	18	42	FRPG_Phn_DifSpc______LitCsd_HemEnv.fpo	19164	6a6e4ca937fb3ec1308e2a6500148841c5d60bb5dfbd06ae5385dcc38843444e	997	1087	1101
HEMENV	19	43	FRPG_Phn_DifSpc______LitSdw_HemEnv.fpo	18864	a927579c36b9c037b644dafec34e49d5fb4f549ae22674259d1efa051adbd779	906	996	1010
HEMENV	20	44	FRPG_Phn_DifSpc______Lit____HemEnv.fpo	17380	a1c56ba86c0e0e8204560b5907371ba57966199521b6b6204e2adaa4009bb02e	562	652	666
HEMENV	21	45	FRPG_Phn_DifSpc_________Csd_HemEnv.fpo	18696	dc67d66eb8c116929032fa14a5f6a989fc9c57df211aeb89e37c9e52bca2e934	938	1028	1042
HEMENV	22	46	FRPG_Phn_DifSpc_________Sdw_HemEnv.fpo	18396	6a55311ea94f9fe4fd274336f41eb1808e7a75bd39cf4fb0fbd2c86a60a6cb2b	847	937	951
HEMENV	23	47	FRPG_Phn_DifSpc_____________HemEnv.fpo	16900	1574e296e30b5477dea327c0a0e674e2671f791ec6e6e855a464e6e84dbf6274	507	597	611
HEMENV_LERP	0	24	FRPG_Phn_DifSpcBmpMulLitCsd_HemEnvLerp.fpo	22268	2dec61db609109cf856505add0561cb96837b776eb68c6dc68328eddb994dd7d	1541	1631	1645
HEMENV_LERP	1	25	FRPG_Phn_DifSpcBmpMulLitSdw_HemEnvLerp.fpo	21968	d23134ad7300feb326999c404496280e318ae7d1fded8bfdcb07f6870b5ae0ad	1450	1540	1554
HEMENV_LERP	2	26	FRPG_Phn_DifSpcBmpMulLit____HemEnvLerp.fpo	20480	8d39fafa8fafc0515b8225e72eba3a128352f813469abe18877dd550a35d68c9	1106	1196	1210
HEMENV_LERP	3	27	FRPG_Phn_DifSpcBmpMul___Csd_HemEnvLerp.fpo	21760	3d693cb4a4ea671a0dc22b7d055a9c0537ab60783a960486000bed5cef1dfc9b	1479	1569	1583
HEMENV_LERP	4	28	FRPG_Phn_DifSpcBmpMul___Sdw_HemEnvLerp.fpo	21460	8019f3bee9d249387d95c4c3dd1a07042c5fde6feeee82b64a429f36e3532b10	1388	1478	1492
HEMENV_LERP	5	29	FRPG_Phn_DifSpcBmpMul_______HemEnvLerp.fpo	19964	1d6e6484fc9dbd8720f9649fc2d921d9f905f0821b6876600d6dc3aededbb18e	1048	1138	1152
HEMENV_LERP	6	30	FRPG_Phn_DifSpcBmp___LitCsd_HemEnvLerp.fpo	20848	f76551a54acb84bc6e4bf39f7b267e9f3e70ccf6f6361a42820dd176a8fc82f7	1268	1358	1372
HEMENV_LERP	7	31	FRPG_Phn_DifSpcBmp___LitSdw_HemEnvLerp.fpo	20548	9bf243a4fb85115dd7d90e8721ec81a9e52139d76e4a78247b87c737ff360c3d	1177	1267	1281
HEMENV_LERP	8	32	FRPG_Phn_DifSpcBmp___Lit____HemEnvLerp.fpo	19064	0acf2a9735ef8792383ca94c43673e367feffbde1f47155e045e66a322dc6201	833	923	937
HEMENV_LERP	9	33	FRPG_Phn_DifSpcBmp______Csd_HemEnvLerp.fpo	20380	7f113b3614f401de8f03cbc03f004fd71152f606cf58c86232c423479257fd85	1209	1299	1313
HEMENV_LERP	10	34	FRPG_Phn_DifSpcBmp______Sdw_HemEnvLerp.fpo	20080	857aa73d1d2f7ab839d4e9feae29be5b9462e18a34305ade219e5ee2a85af9db	1118	1208	1222
HEMENV_LERP	11	35	FRPG_Phn_DifSpcBmp__________HemEnvLerp.fpo	18580	9075b0806f0a8560977f096780aa68f44ef02be25d71be05bd51d802dca6d7e8	778	868	882
HEMENV_LERP	12	36	FRPG_Phn_DifSpc___MulLitCsd_HemEnvLerp.fpo	20224	a5831ca3cd472188851f4a9b641f172706dba07d50f7d6e287831cbaa4c0fc03	1097	1187	1201
HEMENV_LERP	13	37	FRPG_Phn_DifSpc___MulLitSdw_HemEnvLerp.fpo	19924	68f61f4dd8acef143fce844e517f0fc613f59b352e4314316c496afa897cc992	1006	1096	1110
HEMENV_LERP	14	38	FRPG_Phn_DifSpc___MulLit____HemEnvLerp.fpo	18440	5b88adbbc4722b5e18659f35722ce3c27d3d43f7572b8010f7df304c65fd9456	662	752	766
HEMENV_LERP	15	39	FRPG_Phn_DifSpc___Mul___Csd_HemEnvLerp.fpo	19720	f9d8ba63e775115eafaf92684ee33f9ea1708c5e542531b0c541a159958ec81c	1035	1125	1139
HEMENV_LERP	16	40	FRPG_Phn_DifSpc___Mul___Sdw_HemEnvLerp.fpo	19420	49b57335bf3270a64c449b16a6782f04f936251207b4525e2453dd4308194687	944	1034	1048
HEMENV_LERP	17	41	FRPG_Phn_DifSpc___Mul_______HemEnvLerp.fpo	17924	5b14ed0b3fe6124a8ecdc96c2b9e06f360cad628df245a2c528abe4980b30166	604	694	708
HEMENV_LERP	18	42	FRPG_Phn_DifSpc______LitCsd_HemEnvLerp.fpo	19688	a8288c1e83fd75d55124780c3bfbbcfa96b827d2db88307a2f91a8585e4bfa26	1011	1101	1115
HEMENV_LERP	19	43	FRPG_Phn_DifSpc______LitSdw_HemEnvLerp.fpo	19388	ff2beb1489b457415bd0ff5ad705e664d40d0ac2d6f705c137afc388fc558d2c	920	1010	1024
HEMENV_LERP	20	44	FRPG_Phn_DifSpc______Lit____HemEnvLerp.fpo	17900	4fb909fff77ed0cae13196938dddf53fb4df49d5c7039c190dcb024741951dd9	576	666	680
HEMENV_LERP	21	45	FRPG_Phn_DifSpc_________Csd_HemEnvLerp.fpo	19216	663a6dfda501d473214687c8d96ff88977e2a9e53be849ee95e08a2e4e5bcb06	952	1042	1056
HEMENV_LERP	22	46	FRPG_Phn_DifSpc_________Sdw_HemEnvLerp.fpo	18916	080751b9317ce817d2165e6b26a868b024095884c34925d521d4fc89d784bef9	861	951	965
HEMENV_LERP	23	47	FRPG_Phn_DifSpc_____________HemEnvLerp.fpo	17420	7ea84766aa9ca950bfe40b74f615c2a8b78ed5afec3a73dc9cf6e9f6babd85fc	521	611	625
