bank_index	area	bank_name	v13_signature	layout_signature	live_count	donor_count	param_sha256	dcx_sha256
0	a10	m10_LightBank.param	4c594553d201d80c	bd97344008f0932c	64	64	2777fddaef231105eb7b351fcc82a5b223a0853b5db52e8e3d73ecfb07e205b5	dba6988a1358f95a160c725ad4c6bd17cdcb4fa7460b0e18459195a9a03ed8c3
1	a10	s10_LightBank.param	a710f288bd3aca82	4cae51b007592754	64	64	72acec68b3f9af37cb8bfe21602d7f77fc9bd9910fd6baa86c59292a1db21d55	dba6988a1358f95a160c725ad4c6bd17cdcb4fa7460b0e18459195a9a03ed8c3
2	a11	m11_LightBank.param	872153a097540e78	23b6ca2e6e8d6c4b	64	64	752de191109adf2020dd571ae0ee962ddcc8888060281f3ef3039e021f66d59f	b6442d5e9415eb1327a95f34af3947d8849cbc6feb73a1f68cffdd456571eb14
3	a11	s11_LightBank.param	8a953042ffb0d411	fe5ff671fa3c8bb4	30	30	6f490cf13bec329c6128fd8ccbdd7e1ca6e14a9dfd9472cfe4fcb0b9e01c5307	b6442d5e9415eb1327a95f34af3947d8849cbc6feb73a1f68cffdd456571eb14
4	a12	m12_LightBank.param	cf6930ac9b0026ba	43253a96ae3297d9	64	64	f65895da7f9a7ba1764ffa1f156c1cff7b2d403b1203c3825d90a7ed01be362d	1de3b7304cc2a87a8149089bc3dd887303cf4897d68cd350e0a10118c9c60068
5	a12	s12_LightBank.param	fc11b271fc756886	10b023fc5d3001db	64	64	b7487cd065097973ef7b04a5d0a2268b24df34d89beb9dacf6005d5ffd0e654f	1de3b7304cc2a87a8149089bc3dd887303cf4897d68cd350e0a10118c9c60068
6	a13	m13_LightBank.param	cdfb3e57c1e8b541	dcc98516c1fb765a	64	64	681c63270cebe95632a3bd7b66640618654f2bd9c78e55aba23e22f6e4b0e0c9	6667e863f824ea3214d75c989750f6fa5b8b9e42683366b42672d906ad02783b
7	a13	s13_LightBank.param	828061f1e486e868	494f7cef1907f362	64	64	9ef127c96f0c816046ca58a28d86a62b80f3fb93c45e25c6a86a6a5d829142b2	6667e863f824ea3214d75c989750f6fa5b8b9e42683366b42672d906ad02783b
8	a14	m14_LightBank.param	c9b879a8c5e624d0	ac99bb1bdf5a164a	65	64	522ce2e705043da47a56113e9fa8fa4a564e39f3d8dcfe71bc69de607d8453da	bcede19f1c4b9d054cee8732b49687f96f91c3abb8f1d92d64f93808363859b4
9	a14	s14_LightBank.param	e447e0e74af8d1d3	884d28629c29a7f3	65	64	bbfb131e9c84d5352a0f5ebf811c74bcf5a69aec363d50f34d62dea81dc6e4ea	bcede19f1c4b9d054cee8732b49687f96f91c3abb8f1d92d64f93808363859b4
10	a15	m15_1_LightBank.param	cef8834cc83a00d0	0a2d015031e68ddd	64	64	6c02ab49db7b8c0bb68cd6ddbefdada0a264d2661f07267ee7580090f1ed6c10	1f2883ef83ebdbfc7ad1846c24765329dbd4679bc9803e905b74e1264a3b472d
11	a15	m15_LightBank.param	6da2e3578ff67baf	d856ee6bc59c06cc	64	64	981ee0d877df467947af237f3cf673516211cca14795b2b1d500e35510759edc	1f2883ef83ebdbfc7ad1846c24765329dbd4679bc9803e905b74e1264a3b472d
12	a15	s15_1_LightBank.param	7434232b8893cbb5	6da8c105fed614eb	64	64	66ca16c9cafbb820831e9778067bfce2e1744547baec37a4424c6c2be0ba2ada	1f2883ef83ebdbfc7ad1846c24765329dbd4679bc9803e905b74e1264a3b472d
13	a15	s15_LightBank.param	9b453af04c8f1f6b	70a4b45957ef113e	64	64	95e8da8c66601098ddd10369061da16ca7897de5e462acc5e6b8504b95df5b14	1f2883ef83ebdbfc7ad1846c24765329dbd4679bc9803e905b74e1264a3b472d
14	a16	m16_LightBank.param	71bd152ef1e5e3df	19d249609e2f2ec9	64	64	2becf9a3c54257fa2002cebc352c076d5c3acd1ef89a8174d21aa0c286f95671	3cc4a7212c1d1a58ea008ad79b71381bc28eb8f8ad07e06d2936e3a193248418
15	a16	s16_LightBank.param	646466fd09374c5b	e965a3933216d3c3	64	64	af5a036cdf423b06539f75468471a8796a939d2d35de1cb21c7fe32927c1211f	3cc4a7212c1d1a58ea008ad79b71381bc28eb8f8ad07e06d2936e3a193248418
16	a17	m17_LightBank.param	920175710a0728ec	624299352fdc730c	64	64	479a5f1d97ebfc0bdca06687d1fad29667d2b85951a095772c29e031ac0d909d	a0b35e2e21e626ffadfd5eef2b5cea80e17458e1e220ca3effea527775e81a5e
17	a17	s17_LightBank.param	e28e459ed303b5b0	0fad29fc586bfb73	64	64	8776f69bedad5c1720c549265536e9bfc499602c600641e6a7d62cd69a406f70	a0b35e2e21e626ffadfd5eef2b5cea80e17458e1e220ca3effea527775e81a5e
18	a18	m18_LightBank.param	1ecfd1e617c59071	4233f14d61b764be	65	64	42567a987de6dac0a9c737f4ec1797a72694984191e31574b401414b9420e81c	ebb00a5f1c0d89340f1feb74486ae9502b4d1d48addf0837f1429612f19cd5d7
19	a18	s18_LightBank.param	4bf694db53edacc5	6ed75abfbf82e9bf	64	64	56b57aa28a70677b42a12f91c854231d724016371bf71809c2fb728a2e245fa8	ebb00a5f1c0d89340f1feb74486ae9502b4d1d48addf0837f1429612f19cd5d7
# source_archive_sha256=70a90b51e471e8330b55ef17a9b8b86e18f7c0a1cfdb7384f3f51cfe165b8372
